{
    "source": "lenta",
    "authors": [
        {
            "link": "/parts/authors/aborisov/",
            "name": "Андрей Борисов"
        }
    ],
    "title1": "«Луна существует, только когда вы на нее смотрите?»",
    "title2": "Физики сообщили об объективной реальности волновой функции и состоянии кота Шредингера",
    "date": "20150204",
    "time": "09:05:00+0",
    "links_by_theme": [
        "/news/2014/09/15/inequalities/",
        "/news/2014/08/28/cat/",
        "/news/2014/07/28/pigeonhole/",
        "http://www.nature.com/nphys/journal/vaop/ncurrent/full/nphys3233.html",
        "https://lenta.ru/articles/2014/11/05/worlds/",
        "http://www.nature.com/nphys/journal/vaop/ncurrent/full/nphys3233.html"
    ],
    "tags": [
        "science"
    ],
    "text": "Ученые из Австралии и Франции провели эксперимент, который, по их словам, указывает на реальность волновой функции (пси-функции). Результаты своих исследований физики опубликовали в журнале Nature Physics. «Лента.ру» кратко знакомит своих читателей с работой авторов. Волновая функция описывает состояние микрочастицы и фигурирует в уравнении Шредингера в квантовой механике. Именно с ней связано большинство проявлений квантовой теории, отличающих ее от классической физики. Квадрат модуля пси-функции определяет вероятность частицы принимать то или иное состояние. Ее можно представить в виде суммы слагаемых (суперпозиции состояний), а сам процесс измерения сводится к извлечению одного из возможных слагаемых. Философия Ученые, как правило, придерживаются одного из двух мнений о волновой функции. Согласно первой точке зрения, пси-функция реальна (является частью объективной реальности) и способность кота Шредингера быть одновременно и мертвым, и живым, является объективной характеристикой природы. Это составляет содержание так называемой онтологической интерпретации квантовой теории. Объективность здесь означает, что такое свойство волновой функции никак не связано с человеком и его представлениями о природе. Волновой функции все равно, что «думает» о ней человек. Вторая точка зрения сводится к тому, что волновая функция — это математический объект, вводимый из-за недостаточного знания учеными закономерностей квантового мира. В частности, такой точки зрения придерживался Альберт Эйнштейн. «Вы действительно считаете, что Луна существует, только когда вы на нее смотрите?» — говорил ученый. Эта и некоторые другие точки зрения составляют содержание так называемых эпистемологических интерпретаций квантовой механики. Такая концепция означает, что волновая функция — это только инструмент познания, но никак не то, что имеет отношение к объективной реальности. Эксперимент В своем эксперименте ученые измеряли квантовые состояния пары фотонов, каждый из которых мог находиться в одном из двух неортогональных одно к другому состояниях (например, когда одна частица имеет горизонтальную поляризацию, а другая не вертикальную, а, например, диагональную). В случае, если волновая функция является частью объективной реальности, единичный эксперимент не должен определить состояние поляризации. Это можно будет сделать, только проведя дополнительные измерения. Ученые не смогли получить достаточно информации о поляризации фотонов после единичного измерения. Как отмечают физики, это может означать ошибочность большинства эпистемологических интерпретаций квантовой механики. Ученые работали не в обычном гильбертовом пространстве, размерность которого равна двум, а в его трехмерных (для кутритов) и четырехмерных (куквадритов) обобщениях. Как теоретически показано в предыдущих работах физиков, эксперименты именно с неортогональными состояниями в пространствах с размерностями, большими двух, могут привести к нарушению специального неравенства, справедливого именно для эпистемологической интерпретации квантовой теории. В ходе эксперимента физики определяли значение величины S, связанной с вероятностями нахождения частиц в квантовых состояниях. Если бы ее значение оказалось большим или равным единице, то верной можно было бы считать эпистемологическую интерпретацию. В своих опытах физики получали, что S всегда меньше единицы, следовательно, верна онтологическая интерпретация. В установке ученых используется спонтанное параметрическое рассеяние света: создается пара сцепленных фотонов, которая в специальном кристалле, накачиваемом лазером с длиной волны в 410 нанометров, разделяется на единичные частицы, сумма импульсов и энергий которых равна таковым у исходных фотонов. Затем частицы пропускаются через призму Глана-Тейлора, с помощью которой подготавливаются поляризации квантов. Выполнение измерения производится на обратном пути при помощи детектора единичных фотонов. Эксперимент показал, что статистически эпистемологическая интерпретация не выполняется. Тем не менее, ученые считают, что многомировая трактовка квантовой теории, предложенная Хью Эвереттом, все еще имеет смысл. Эта теория больше похожа на эпистемологическую интерпретацию, чем на онтологическую. Также не противоречит экспериментам ученых ретропричинная интерпретация, согласно которой будущее может влиять на прошлое. «Если предположить, что понятие объективной реальности существует, наши результаты указывают на то, что волновая функция должна напрямую соответствовать этой реальности», — заключают авторы исследования. ",
    "key_words": [
        [
            "измерения",
            "https://ru.wikipedia.org/wiki/%D0%98%D0%B7%D0%BC%D0%B5%D1%80%D0%B5%D0%BD%D0%B8%D0%B5_(%D0%BA%D0%B2%D0%B0%D0%BD%D1%82%D0%BE%D0%B2%D0%B0%D1%8F_%D0%BC%D0%B5%D1%85%D0%B0%D0%BD%D0%B8%D0%BA%D0%B0)"
        ],
        [
            "эпистемологических интерпретаций",
            "http://iph.ras.ru/page50904290.htm"
        ],
        [
            "поляризацию",
            "https://ru.wikipedia.org/wiki/%D0%9F%D0%BE%D0%BB%D1%8F%D1%80%D0%B8%D0%B7%D0%B0%D1%86%D0%B8%D1%8F_%D0%B2%D0%BE%D0%BB%D0%BD"
        ],
        [
            "кутритов",
            "https://ru.wikipedia.org/wiki/%D0%9A%D1%83%D1%82%D1%80%D0%B8%D1%82"
        ],
        [
            "показано",
            "http://journals.aps.org/prl/abstract/10.1103/PhysRevLett.112.250403"
        ],
        [
            "спонтанное параметрическое рассеяние",
            "https://ru.wikipedia.org/w/index.php?title=%D0%A1%D0%BF%D0%BE%D0%BD%D1%82%D0%B0%D0%BD%D0%BD%D0%BE%D0%B5_%D0%BF%D0%B0%D1%80%D0%B0%D0%BC%D0%B5%D1%82%D1%80%D0%B8%D1%87%D0%B5%D1%81%D0%BA%D0%BE%D0%B5_%D1%80%D0%B0%D1%81%D1%81%D0%B5%D1%8F%D0%BD%D0%B8%D0%B5&stable=1"
        ],
        [
            "специальном кристалле",
            "http://www.mt-berlin.com/frames_cryst/descriptions/ktp.htm"
        ],
        [
            "призму Глана-Тейлора",
            "https://www.thorlabs.de/newgrouppage9.cfm?objectgroup_id=816"
        ]
    ],
    "link": "/articles/2015/02/04/qm/"
}