{
    "source": "lenta",
    "authors": [],
    "title1": "Русские на юге",
    "title2": "Инфографика об Антарктиде в честь 195-летия ее открытия экспедицией Фаддея Беллинсгаузена и Михаила Лазарева",
    "date": "20150128",
    "time": "15:46:00+0",
    "links_by_theme": [
        "/news/2008/08/11/pallada/",
        "/news/2015/01/25/vostok/"
    ],
    "tags": [
        "digital",
        "science"
    ],
    "text": "Ровно 195 лет, 16 января 1820 года по старому стилю и 28 января по новому, берегов Антарктиды достигли российские корабли «Восток» и «Мирный». Экспедиция под руководством Фаддея Беллинсгаузена и Михаила Лазарева первой добралась до самого южного материка планеты и обогнула его. Предыдущие экспедиции, предпринятые другими странами, не смогли пробиться сквозь льды до Антарктиды, хотя попутно открыли несколько островов за Южным полярным кругом. В XX веке Советский Союз принял активное участие в освоении Антарктиды, дав русские названия многим объектам, в том числе и в память о первой экспедиции к этому континенту. Символично, что в канун круглой даты российские ученые достигли подледного озера Восток, в котором могли сохраниться древние формы жизни.  ",
    "key_words": [],
    "link": "/articles/2015/01/28/antarctica/"
}