{
    "source": "lenta",
    "authors": [
        {
            "link": "/parts/authors/lutih/",
            "name": "Сергей Лютых"
        }
    ],
    "title1": "Язык до Лефортово доведет",
    "title2": "Как обычная домохозяйка и мать четырех детей была обвинена в шпионаже в пользу Украины",
    "date": "20150130",
    "time": "16:38:00+0",
    "links_by_theme": [],
    "tags": [
        "investigations",
        "forces"
    ],
    "text": "Домохозяйка и мать четырех детей Светлана Давыдова из Вязьмы была арестована по обвинению в государственной измене Лефортовским районным судом. В апреле 2014 года она сообщила в украинское посольство о том, что расположенная по соседству с ее домом особая воинская часть опустела. Светлана посчитала, что военнослужащие могли быть направлены на Украину. Теперь она находится в СИЗО Лефортово. Подслушанный разговор Светлана Давыдова — человек с активной жизненной позицией. До того, как вплотную заняться воспитанием детей, она была членом Вяземского отделения КПРФ. Проживает женщина с мужем Анатолием Горловым на улице 1-я Бозня по соседству с очень засекреченной воинской частью. Именно от мужа журналисты «Коммерсанта» и узнали обо всем происшедшем. Как-то Давыдова оказалась в маршрутке с военнослужащим из указанной выше части. Он был в гражданской одежде, но Светлана его все равно узнала в лицо. Военный громко разговаривал по телефону, объясняя неизвестному собеседнику, что служащие из его 82-й отдельной радиотехнической Краснознаменной ордена Александра Невского бригады ГРУ переправляются по гражданке в Москву, а затем куда-то еще в командировку. Бдительную гражданку Давыдову услышанное заинтересовало. Выглянув из окна своего дома, она убедилась, что соседняя воинская часть действительно опустела, после чего решила поделиться своими догадками с работниками украинского посольства. «Куда же еще могли направить военнослужащих, если не на Украину», — рассуждала она. Десять месяцев спустя, 21 января, на пороге дома Давыдовой появился участковый полицейский. Он сообщил, что соседи ее большого семейства жалуются на шум. Светлана и ее супруг немало удивились. Ведь на часах было 8:30 утра. Когда же они открыли дверь, в квартиру вошли оперативники ФСБ. Следователь 1-го отдела следственного управления ФСБ России Михаил Свинолуп объявил, что гражданка Давыдова задержана по подозрению в государственной измене. 22 января решением Лефортовского районного суда (информация об этом имеется на его официальном сайте) Давыдова С.В. действительно была заключена под стражу по делу о государственной измене. «Засекреченное» дело Интернет буквально разорвало от всевозможных догадок и возмущения. Масло в огонь подливает полное молчание со стороны следственных органов. Дело Давыдовой «засекречено». Адвокат арестованной смутно намекает на то, что она сидит в изоляторе «небезосновательно». Единственным источником информации, по сути, остается ее муж. Широкий общественный резонанс привел к тому, что председатель партии «Яблоко» Сергей Митрохин написал официальный запрос в ФСБ России с требованием объяснить, за что женщина, воспитывающая семерых детей, помещена в СИЗО. С подобным вопросом в Генпрокуратуру обратился депутат Дмитрий Гудков. О том, что дело теперь будет на особом контроле, сообщили и члены президентского Совета по правам человека. Шпион! Выйди вон! На справедливый вопрос о том, как можно привлечь к ответственности за «государственную измену» человека, не имеющего допуска к секретной информации, юристы отвечают ссылкой на поправки к статье 275 УК РФ, принятые в октябре 2012 года, расширяющие понятие государственной измены. Вот, что гласит диспозиция указанной статьи: «Государственная измена, то есть совершенные гражданином Российской Федерации шпионаж, выдача иностранному государству, международной либо иностранной организации или их представителям сведений, составляющих государственную тайну, доверенную лицу или ставшую известной ему по службе, работе, учебе или в иных случаях, предусмотренных законодательством Российской Федерации, либо оказание финансовой, материально-технической, консультационной или иной помощи иностранному государству, международной либо иностранной организации или их представителям в деятельности, направленной против безопасности Российской Федерации». — Никаких проблем бы не возникло, если бы законодатель напрямую вписал слово «случайно», перечисляя способы получения секретных сведений. Но он этого не сделал. Государственная измена может быть совершена только с прямым умыслом, то есть лицо должно понимать, что данные, которые оно передает иностранному государству, являются гостайной. А как доказать это понимание в суде? Нужно ткнуть в документ об ознакомлении с засекреченными материалами, в котором стоит подпись изменника родине. Либо нужно доказать, что человек произнес примерно такую фразу: «А теперь слушай, друг,  гостайну, — рассказал \"Ленте.ру\" экс-следователь ГСУ МВД России Олег Тютенков. — Судя по всему, в данном деле такие доказательства есть». Куда пропала воинская часть Слыша словосочетание «часть ГРУ», граждане обычно представляют себе либо «рыцарей плаща и кинжала», либо спецназовцев в камуфляже, рыскающих по тылам противника в поисках штабов и ракетных установок. В данном случае реальность иная: 82-я отдельная радиотехническая Краснознаменная ордена Александра Невского бригада особого назначения, находящаяся в подчинении ГРУ, тоже ведет разведку — но в эфире. «Бойцы» подобных бригад — это, в первую очередь инженеры, специалисты по системам связи и радиоперехвата, а также знатоки иностранных языков, способные контролировать эфир «со слуха». Их задачей является круглосуточное слежение за активностью средств связи и радиолокационных систем противника. 82-я бригада была сформирована в 1976 году в ГДР, в городе Торгау, на основе двух отдельных радиотехнических полков и лаборатории изучения радиоизлучений. Там она находилась до вывода Западной группы войск в Россию, после чего местом дислокации бригады стала Вязьма. Подобные соединения есть во всех военных округах России и, хотя в прессу информация об их работе почти не попадает, используются весьма активно: роль средств связи и другого радиоэлектронного оборудования в современной войне невозможно преувеличить, поэтому без участия частей радиоэлектронной разведки, также как и радиоэлектронной борьбы, не обходятся ни одни крупные учения, регулярно проводящиеся по всей стране. С наибольшей долей вероятности, именно на такие очередные учения военнослужащие и направлялись. Были ли они связаны с Украиной — вопрос отдельный, и вряд ли легко исследуемый. Сплошные тайны Информация о передвижении военнослужащих спецчастей засекречена, но откуда о том, что это является государственной тайной, может знать обычная домохозяйка? Ответа на этот вопрос нет. Вызывает подозрение и десятимесячный срок, прошедший между выдачей «секрета» украинскому посольству и задержанием гражданки Давыдовой. Если процесс передачи информации был задокументирован аппаратурой, то виновник был бы арестован в тот же день. Непонятно и почему Давыдову отвезли именно в Лефортово, хорошо известный в стране и за ее пределами изолятор, который носит неформальное звание главной тюрьмы ФСБ России. — В деле много нелогичных вещей. Если оно столь засекречено, то спецслужбы задержали бы и мужа подозреваемой, а детей бы временно поместили в приют. А так ему дали возможность рассказать о происшедшем журналистам. Есть много деталей, о которых мы пока не знаем, но, судя по всему, факт передачи секретной информации не был единичным, — рассказал «Ленте.ру» источник в правоохранительных органах. — Давыдова вполне могла заниматься этим регулярно на протяжении некоторого времени, с этим может быть и связана длительность оперативной разработки. Лефортово не совсем обычная тюрьма. Иногда помещение туда связано не только с необходимостью ограничить свободу, но и защитить человека на время следствия от покушений со стороны третьих лиц. Таковые в этом деле могут быть. «Врагов народа» пока немного  В случае, если вина Светланы Давыдовой будет доказана в суде, ее ждет значительный срок лишения свободы: от 12 до 20 лет. В целом по стране за весь 2013-й и первую половину 2014 года по статье 275 УК РФ осуждено десять человек. Однако домохозяек среди них не было. Все осужденные имели доступ к секретной информации в связи со своей работой или службой: профессора, инженеры, сотрудники спецслужб. Один из осужденных был обвинен в госизмене за передачу данных, касающихся подготовки и проведения Олимпиады в Сочи. ",
    "key_words": [],
    "link": "/articles/2015/01/30/spieout/"
}