{
    "source": "lenta",
    "authors": [
        {
            "link": "/parts/authors/verbi/",
            "name": "Юлия Верби"
        }
    ],
    "title1": "Гуантанамо сердца моего",
    "title2": "Десять самых экстравагантных причин для развода из реальной жизни",
    "date": "20150214",
    "time": "08:03:00+0",
    "links_by_theme": [
        "https://www.flickr.com/photos/enigma63/14841073223"
    ],
    "tags": [
        "life",
        "people"
    ],
    "text": "В любви бывают не только свидания, но и расставания. Порой расходятся и, казалось бы, самые счастливые пары. Тем, кто не носит в День святого Валентина розовые очки и смотрит на отношения без иллюзий, возможно, будет интересно узнать о самых странных мотивах разводов. Все, конечно, основано на реальных событиях. Не сошлись во вкусах Нет ничего ужаснее для брака, чем ежевечерние споры, что смотреть по телевизору. Одна 29-летняя японка, например, не смогла объяснить своему супругу, чем хорош ее любимый мультфильм «Холодное сердце». «Если человек не способен понять, что это классное кино, тогда с ним что-то не так как с личностью», — заявила фанатка диснеевского творения мужу и подала на развод. Вмешалась магия А вот в Дубае ячейка общества распалась из-за того, что супруга была одержима джинном. Разочарованный в семейной жизни новобрачный пожаловался в шариатский суд на злостные отказы жены выполнять супружеский долг. По его словам, хранительница домашнего очага совсем перестала заниматься с ним сексом. С любыми претензиями она предложила супругу обращаться к ее родителям. Те, в свою очередь, объяснили мужчине, что в дочь давно вселился джинн. Суд аннулировал брак, однако мужа обязали уплатить своей жене 40 тысяч дирхамов (около 11 тысяч долларов) в качестве единовременных алиментов. Впоследствии «юристы» передумали и лишили провинившуюся каких-либо денежных выплат вообще. Нет гармонии в постели Одному россиянину не везло с личной жизнью: супруга жителя Воронежа всегда жаловалась, что его мужское достоинство недостаточно велико, чтобы доставить ей удовольствие во время близости. Мужчина обратился к врачам, и орган был увеличен хирургическим путем. На беду во время эротических экзерсисов «новый» пенис сломался, что привело супругу в бешенство. Несмотря на уверения мужа, что он сделает операцию повторно и все снова будет хорошо, жена подала на развод, заявив, что сыта по горло сексуальными неудачами. Жена слишком многого хочет Справедливости ради необходимо отметить, что бывает и обратная ситуация: муж не выдерживает сексуальных аппетитов благоверной. Житель индийского Мумбаи подал на развод, указав в качестве причины сексуальные издевательства. По его словам, жена требовала исполнять супружеский долг три раза в день, и даже этого ей было мало. Она хотела, чтобы индиец постоянно принимал стимулирующие либидо снадобья, и заставила заниматься сексом даже после того, как ему сделали операцию по удалению аппендикса. Измученный муж заявил суду, что супруга «безжалостна, агрессивна, упряма и автократична». Он также упомянул, что жена угрожала ему изменой с другими мужчинами в случае отказа удовлетворять ее аппетиты. Служители Фемиды пошли мумбайцу навстречу и аннулировали брак несчастливой пары. Муж обзывается Забавные любовные прозвища — это очень мило. Но одна жительница Саудовской Аравии так не считает: она обнаружила, что муж записал ее в своем мобильном телефоне как «Гуантанамо». Однажды шутник забыл сотовый дома, и, позвонив на него, супруга увидела на экране обидный никнейм. Она сочла это весомым поводом для расставания. На суде муж объяснял, что всего лишь желал приватности в отношениях. «Я не хочу, чтобы сидящие рядом со мной люди видели, что мне звонит жена», — оправдывался он. Предатель в доме Домохозяйка из Китая узнала о неверности мужа от их общего любимца — говорящего попугая. Пернатый выдал хозяина с потрохами, когда начал выдавать слова и выражения вроде «развод», «люблю тебя», «наберись терпения». Отправляясь в суд, обманутая жена захватила с собой главного свидетеля в качестве вещественного доказательства супружеской измены. Любовь к котикам Брак жителей города Беэр-Шева в Израиле распался после того, как жена приютила в семейном гнездышке более 550 кошек. На суде жаждущий развода муж рассказал, что лишился возможности спать по ночам (кошки занимали всю постель), а также принимать пищу (животные запрыгивали на стол и отнимали еду). Жена отказалась расстаться с питомцами, и брак был расторгнут. Ревность к лошадям Ревнивый житель Саудовской Аравии подал на развод после того, как обнаружил в профайле жены в соцсети возмутивший его снимок: на нем женщина целовала арабского скакуна. Обвиненная в «адюльтере» не выказала признаков раскаяния и заявила на суде, что, пожалуй, и сама не хочет жить с человеком, который считает поцелуй с животным супружеской изменой. Чистоплотность сгубила Жительница Германии развелась с мужем после 15 лет брака из-за его неумеренной любви к чистоте в доме. Мужчина целыми днями наводил порядок, занимался уборкой и перестановкой мебели. Однажды (и это стало последней каплей в чаше терпения супруги) он полностью разрушил и возвел заново одну из стен жилища лишь потому, что она показалась ему грязной. Темное прошлое 99-летний житель Рима подал на развод с женой, с которой прожил 77 лет, после того как обнаружил среди вещей супруги пачку старых любовных писем. Из переписки, которая велась в 1940-х годах с неким молодым карабинером из Неаполя, он понял, что у его жены был роман лет 70 назад. Обманутый муж изъявил желание расстаться с 96-летней супругой, несмотря на наличие пяти общих детей, дюжины внуков и правнука. Как говорится, единожды солгав… ",
    "key_words": [
        [
            "подала",
            "http://metro.co.uk/2014/06/04/theres-something-wrong-with-you-as-a-human-being-woman-seeks-divorce-from-husband-over-his-dislike-of-frozen-4749392/"
        ],
        [
            "распалась",
            "http://lenta.ru/news/2014/10/17/yajinn/ "
        ],
        [
            "подала",
            "http://metro.co.uk/2008/07/30/man-faces-divorce-after-penis-extension-breaks-during-sex-326509/ "
        ],
        [
            "подал",
            "http://timesofindia.indiatimes.com/city/mumbai/Court-grants-man-divorce-over-wifes-demand-for-excessive-sex/articleshow/41352524.cms"
        ],
        [
            "обнаружила",
            "http://www.alarabiya.net/articles/2009/10/19/88522.html"
        ],
        [
            "узнала",
            "http://abcnews.go.com/International/story?id=80906"
        ],
        [
            "распался",
            "http://www.timesofisrael.com/couple-divorces-over-550-house-cats/ "
        ],
        [
            "подал",
            "http://www.emirates247.com/news/region/saudi-husband-divorces-wife-for-kissing-horse-2013-10-06-1.523545"
        ],
        [
            "развелась",
            " http://www.reuters.com/article/2009/04/02/us-divorce-odd-idUSTRE5314I620090402"
        ],
        [
            "подал",
            "http://content.usatoday.com/communities/ondeadline/post/2011/12/man-99-divorcing-wife-of-77-years-over-her-1940s-affair/1#.VN36kiusV1Y"
        ]
    ],
    "link": "/articles/2015/02/14/weirdreasonstodivorce/"
}