{
    "source": "lenta",
    "authors": [
        {
            "link": "/parts/authors/verbi/",
            "name": "Юлия Верби"
        }
    ],
    "title1": "За мат, фотошоп и все хорошее",
    "title2": "Джастин Бибер стал самой высмеиваемой звездой первых недель 2015 года",
    "date": "20150118",
    "time": "08:07:00+0",
    "links_by_theme": [
        "http://instagram.com/justinbieber/?utm_source=partner&utm_medium=embed&utm_campaign=photo",
        "http://instagram.com/justinbieber/?utm_source=partner&utm_medium=embed&utm_campaign=photo"
    ],
    "tags": [
        "life",
        "people"
    ],
    "text": "Канадский певец Джастин Бибер — постоянный резидент рейтингов самых раздражающих звезд. То и дело он совершает странные поступки, попадает в спорные ситуации или допускает неуместные высказывания. В новом году артист уже успел отличиться сразу по трем пунктам, дав своим недоброжелателям повод позлословить от души. История первая, печальная: Джастин и трусы Calvin Klein В первые дни нового года широко обсуждалась реклама мужского нижнего белья Calvin Klein, в которой снялся Джастин Бибер, продемонстрировав подозрительно рельефные мышцы и все богатство татуировок. Когда первые кадры фотосессии появились в интернете, многих начали терзать смутные сомнения при воспоминаниях о природной субтильности Бибера: а не обошлось ли тут без фотошопа? Интернет-сайт Breatheheavy.com опубликовал неотретушированные портреты Бибера из рекламы CK, быстро разошедшиеся по соцсетям. Сравнение снимков «до» и «после» ясно показывало, что Джастину улучшили бицепсы, трицепсы, пресс, подрисовали более внушительный пенис и даже изобразили растительность на безволосом животе.  We live in a world where someone is paid money to Photoshop pubic hair into pictures of Justin Bieber. pic.twitter.com/evzUvXBc23— BlackBroDude (@CraigSJ) 8 января 2015  Реакция певца последовала незамедлительно: он заявил, что опубликованные изданием снимки — фальшивка, и в доказательство принялся выкладывать в Instagram селфи, призванные продемонстрировать наличие у него, например, настоящего пресса. Кроме того, юристы звезды пригрозили Breatheheavy.com судом, если редакция не удалит порочащие певца данные. Журналисты удовлетворили требования команды Бибера и даже принесли ему извинения. Не лучшим образом повели себя в этой истории и поклонницы канадского музыканта. «Билиберы» (Beliebers), как называют себя фанатки Джастина Бибера, устроили онлайн-травлю модели Лары Стоун, партнерши своего любимца по съемкам в рекламе CK.  Lara stone is 31 what a fucking SLUT— Sruti (@srutipatel16) 7 января 2015   Fuck you Lara stone. Bitch ✋👆— amanda (@amandasalinas95) 8 января 2015  Фанатки даже угрожали девушке убийством за то, что она вздумала прикоснуться к их кумиру. История вторая, забавная: Джастин и порнокарьера Джастин Бибер, судя по всему, очень востребованный кадр не только в модной индустрии. 14 января гей-порносайт Men.com сделал ему предложение на два миллиона долларов  принять участие в съемках откровенного фильма. В видеообращении «халтуру» певцу рекламировал Джонни Рэпид, один из актеров будущей ленты. «Даже не верится, что я собираюсь это сказать, но у меня для вас невероятное предложение. Men.com и я, мы предлагаем вам сняться в сцене за два миллиона. Два миллиона, с ума сойти! И это будет легко. Я сделаю большую часть работы. Заскочите на пару часов к нам, уйдете уже с деньгами. Надеюсь, скоро увидимся!» — вещал Рэпид.  За двое суток опубликованное на YouTube видеообращение набрало около 580 тысяч просмотров и более 1700 лайков. В комментариях пользователи радовались перспективе увидеть Бибера в необычной для него ипостаси. Даже мужчины традиционной сексуальной ориентации отмечали, что идея неплоха. Интернет-юзеры сокрушались: Men.com явно продешевил, и миллионера Бибера, конечно же, не заинтересует столь скромный гонорар. О реакции канадского исполнителя на столь заманчивое предложение пока ничего неизвестно. История третья, позорная: Джастин, рок-звезда и ненормативная лексика Для новогодних каникул Джастин выбрал экзотическое местечко — Теркс и Кайкос. В одном из курортных баров ему встретился гитарист группы The Rolling Stones Кит Ричардс, которого молодой певец не признал, приняв за обычного отдыхающего дедулю. По свидетельствам очевидцев, в момент появления Бибера в заведении рок-звезда заправлялась горячительным у стойки, опрокидывая порцию за порцией. Ричардс недобро глянул на Джастина и фыркнул: «А ты, мать твою, кто такой?» (Собственно, это было скорее «Who the fuck are you?») Неприятно удивленный таким приемом Бибер бойко ответствовал в том же духе: «А я не знаю, кто ты, мать твою, есть». («I don't know, who the fuck are you».) 20-летний музыкант явно не признал в выпивохе рок-легенду, но, по счастью, Ричардса развеселил ответ молодого коллеги. «Ты мужик. Уважаю», — заметил гитарист Rolling Stones и отправился к своему столику. Через пару минут к Джастину подошли друзья рок-звезды и сказали, что Кит Ричардс желал бы выпить с ним. «Так это был Кит Ричардс, гитарист Rolling Stones? Вот дерьмо…» — распереживался автор хита Boyfriend. Он поспешил к столику старшего коллеги по цеху и попытался сгладить промах, очаровать старого рокера, но Кит остался равнодушным к попыткам побрататься. «Давай-ка кое-что проясним. Ты — подражатель», — спокойно сказал Биберу Ричардс. Певцу пришлось проглотить обиду. К концу алкопосиделок рокер все же смягчился и представители разных музыкальных поколений обменялись телефонами. По рассказам очевидцев, Джастин не переставал повторять, что это был лучший вечер в его жизни. Былые заслуги  За свою недолгую карьеру Джастин успел попасть в СМИ по разным смешным или возмутительным поводам. Причиной некоторых недоразумений стал он сам, другие казусы произошли просто потому, что так расположились звезды. В Сети нетрудно отыскать массу подборок на тему «10 раз, когда нам хотелось убить Джастина Бибера» или «Почему Бибер — самая раздражающая звезда в мире». Почему он по-прежнему в бизнесе? Вероятно, потому, что его целевой аудитории все это нравится. ",
    "key_words": [
        [
            "появились",
            "http://pagesix.com/2015/01/07/justin-bieber-cashes-in-on-his-love-of-going-shirtless/"
        ],
        [
            "pic.twitter.com/evzUvXBc23",
            "http://t.co/evzUvXBc23"
        ],
        [
            "8 января 2015",
            "https://twitter.com/CraigSJ/status/553215441783783425"
        ],
        [
            "принялся",
            "http://instagram.com/p/x2NdqZAvsQ/?modal=true"
        ],
        [
            "7 января 2015",
            "https://twitter.com/srutipatel16/status/552887995377131522"
        ],
        [
            "8 января 2015",
            "https://twitter.com/amandasalinas95/status/553070986565025792"
        ],
        [
            "сделал",
            "http://lenta.ru/news/2015/01/15/joboffer/ "
        ],
        [
            "встретился",
            "http://lenta.ru/news/2015/01/15/whothefareyou/"
        ]
    ],
    "link": "/articles/2015/01/18/funnybieber/"
}