{
    "source": "lenta",
    "authors": [
        {
            "link": "/parts/authors/laptiyova/",
            "name": "Дарья Лаптиёва "
        }
    ],
    "title1": "Взлетно-осадная полоса",
    "title2": "Чем закончатся бои за донецкий аэропорт",
    "date": "20150116",
    "time": "12:04:00+0",
    "links_by_theme": [
        "http://obozrevatel.com/blogs/60943-donetskij-aeroport-zaschischayut-kiborgi.htm"
    ],
    "tags": [
        "ussr",
        "ukraine"
    ],
    "text": "Бои за международный аэропорт Донецк завязались почти одновременно с началом военной операции в Донбассе. 17 апреля 2014 года ополченцы попытались захватить объект и вывесили на фасаде аэровокзала флаг самопровозглашенной Донецкой народной республики. В результате перестрелок аэропорт заняли украинские военные, которые с переменным успехом удерживают позиции уже более полугода. Во время последнего перемирия, объявленного 9 декабря, интенсивность боев несколько снизилась, однако затем сторонники ДНР активизировали наступление. 15 января они объявили, что почти вся территория аэропорта находится под их контролем. Как воевали за аэропорт В ходе последней волны боев за аэропорт обрушилась диспетчерская вышка (это произошло 13 января) — верхние этажи не выдержали артиллерийского обстрела со стороны ополченцев. Башня до этого находилась под контролем «киборгов» — украинских военных, защищавших аэропорт («киборгами» их на Украине прозвали за стойкость). Военные также держали оборону в старом терминале (всего в донецком аэропорту их два: старый и новый соответственно) — до того, как постройка была практически полностью уничтожена. До этого Insider, ссылаясь на источник в руководстве АТО (антитеррористической операции, как в Киеве называют боевые действия против ополченцев), отмечал, что военные, дабы не сдавать позиций, спустились в подвалы терминала, где ждут подкрепления или решения командования об отступлении. После обрушения вышки ополченцы поставили «киборгам», удерживавшим за собой здание другого (нового) терминала, ультиматум — потребовали покинуть объект, пригрозив в противном случае «все здесь уничтожить». Военные, отчитываясь перед начальством, сообщали, что атака со стороны ополченцев ведется с помощью танков и артиллерии. Руководство АТО, в свою очередь заявило, что «это (аэропорт) — символ, и мы просто так оттуда не уйдем, несмотря на ультиматум». Спикер военной операции Роман Туровец также уточнил, что, по его данным, у ополченцев был задействован всего один танк. Несмотря на это, помощь «киборгам» была оказана в виде небольшого подкрепления (менее десяти человек), сообщалось, что им также обеспечили артиллерийскую поддержку. В четверг, 15 января, ополченцы распространили информацию, что силовики все же покидают аэропорт. Об этом заявил представитель ДНР Денис Пушилин. «На самом деле — это сейчас и происходит (имеется в виду отвод украинских войск из донецкого аэропорта). Как только эта операция закончится, можно будет говорить о том, что аэропорт под нашим контролем», — цитировало его РИА Новости. Спикер АТО Андрей Лысенко, в свою очередь, отвод войск из аэропорта опроверг и заявил, что объект остается под контролем украинской стороны. Позднее выступил глава ДНР Александр Захарченко, который предложил президенту Украины Петру Порошенко лично приехать в аэропорт и договориться там об условиях отвода войск. «Он является главнокомандующим Вооруженными силами Украины, он является президентом Украины, и как лицо первое, он обязан думать о своих гражданах. Я готов с ним разговаривать о любых вещах, дабы прекратить эту бойню. Потери Вооруженных сил Украины просто нереальные», — цитировало его РИА Новости Украина. Представители ДНР теперь заявляют о контроле над 95 процентами нового терминала (точно такую же формулировку ополченцы использовали несколько месяцев назад), а силовики называют подобные заявления враньем. Зачем это нужно Несмотря на ожесточенные бои, которые велись в течение последних месяцев, сторонники ДНР так и не смогли установить контроль над аэропортом. Среди прочего это было связано с тем, что «киборгов» прикрывает артиллерия, базирующаяся в населенном пункте Пески. Оттуда же и еще из близлежащей Авдеевки (оба пункта подконтрольны Киеву) силовики получают необходимые припасы и подкрепление. При этом ополченцы практически полностью контролируют Донецк, жилые окраины которого находятся в двух километрах от аэропорта. Из жилых массивов, по неофициальным данным, они также обстреливают позиции силовиков в аэропорту из артиллерии. Иногда военные отвечают встречным огнем, результатом боев становятся в том числе и жертвы среди мирного населения (на днях жители одного из районов Донецка выступили с обращением к руководству ДНР, потребовав, чтобы с его территории артиллерийские обстрелы не велись). Изначально ожесточенные бои за транспортный узел объяснялись стратегической важностью объекта — с точки зрения как возможности обороны или наступления на Донецк, так и с точки зрения использования авиации. Глава пресс-службы АТО Владислав Селезнев еще в начале противостояния проводил аналогии с «Крымской весной». «Вспомните крымские события: российские войска, которые оккупировали Крым, первым делом захватывали все крымские аэродромы. Это стратегические объекты, важные коммуникационные центры. Так же как крупные морские порты и железнодорожные узлы», — цитирует Селезнева «Русская служба ВВС». Там же он отмечал, что использование донецкого аэропорта по назначению в настоящее время невозможно из-за значительных повреждений, хотя и полагал, что затраты ресурсов на его восстановление должны подсчитать эксперты. На этом фоне появились сообщения ополченцев о том, что в соседней Луганской республике якобы появилась военная авиация (по одним данным, штурмовик Су-25 и учебно-тренировочный L-29, по другим — штурмовики, учебные самолеты и вертолеты различных модификаций). Аэропорт Луганска при этом был разрушен еще в начале сентября, сообщалось, что самолеты он принимать не может. Можно вспомнить также заявления руководителя «Информационного сопротивления» Дмитрия Тымчука, утверждавшего, что Россия якобы готова перебросить на восток Украины несколько единиц боевой авиации без опознавательных знаков — в случае вытеснения украинских военных из аэропорта Донецка. Когда это все закончится Для того, чтобы окончательно установить контроль над объектом, ополченцам придется захватить и близлежащие территории. Однако это, в свою очередь, может спровоцировать новую волну боевых действий и попытки масштабного наступления с той или другой стороны. Согласно последней информации, ополченцы пошли на штурм донецкого аэропорта и использовали установку взрывного разминирования УР-77 «Метеорит». После стало известно об обстреле близлежащего села Пески с помощью гаубиц, минометов, «Градов», огнеметной системы «Буратино». По данным телеканала ICTV, Пески были уничтожены полностью. Вечером стало известно, что оттуда выводят украинских военных. По данным на утро пятницы, 16 января, руководство ДНР заявило о полном контроле над аэропортом. Точно такое же заявление сделали и украинские силовики. ",
    "key_words": [
        [
            "Insider",
            "http://www.theinsider.ua/rus/politics/547c35239fb55/"
        ],
        [
            "РИА Новости",
            "http://www.ria.ru/"
        ],
        [
            "опроверг",
            "http://www.pravda.com.ua/rus/news/2015/01/14/7055080/"
        ],
        [
            "РИА Новости Украина",
            "http://rian.com.ua/politics/20150115/362077412.html"
        ],
        [
            "заявляют",
            "http://www.novorosinform.org/news/id/20126"
        ],
        [
            "использовали",
            "http://www.aif.ru/politics/world/1351497"
        ],
        [
            "враньем",
            "http://www.ostro.org/general/society/news/462051/"
        ],
        [
            "«Русская служба ВВС»",
            "http://www.bbc.co.uk/russian/international/2014/10/141002_donetsk_airport_strategy"
        ],
        [
            "появилась",
            "http://lenta.ru/news/2015/01/15/lnr/"
        ],
        [
            "«Метеорит»",
            "https://ru.wikipedia.org/wiki/%D0%A3%D0%A0-77"
        ],
        [
            "ICTV",
            "http://fakty.ictv.ua/ua/index/view-media/id/78901"
        ],
        [
            "известно",
            "http://vesti-ukr.com/donbass/85030-poselok-peski-srovnjali-s-zemlej"
        ],
        [
            "заявило",
            "http://lenta.ru/news/2015/01/16/dnr/"
        ],
        [
            "заявление",
            "https://www.facebook.com/ato.news/posts/933217636689043"
        ]
    ],
    "link": "/articles/2015/01/16/airport/"
}