{
    "source": "lenta",
    "authors": [
        {
            "link": "/parts/authors/verbi/",
            "name": "Юлия Верби"
        }
    ],
    "title1": "Сало и йогурт для служивого",
    "title2": "Что входит в сухие пайки армий разных стран мира",
    "date": "20150213",
    "time": "08:04:00+0",
    "links_by_theme": [],
    "tags": [
        "food",
        "life"
    ],
    "text": "Итальянский дизайнер Джулио Лаччетти не только выяснил, что именно лежит в рюкзаках бойцов из Штатов, Европы, Азии и России, но и с помощью фотографа Фабриции Паризи сделал на эту тему экспозицию для всемирной выставки Expo 2015 в Милане. Свое творение Лаччетти назвал K-Ration — так во времена Второй мировой войны назывались выдаваемые американским солдатам сухие пайки, содержавшие продукты для трех приемов пищи (завтрака, обеда и ужина). До 22 февраля экспозицию можно будет увидеть на Expo 2015. Дизайнер представил раскладки сухого пайка 20 армий мира; каждый такой набор призван обеспечить солдата пищей на 24 часа. Почти во все наборы входят пластиковая посуда и приборы, салфетки, дезинфицирующие средства, топливо для разведения костра. «Эти примеры демонстрируют разнообразие и меню, и количества килокалорий, и прилагаемых к пайку походных приборов», — пояснил Лаччетти. Он признался, что функциональность всех сухих пайков заворожила его как специалиста по промышленному дизайну с первого взгляда, а также заставила задуматься о том, как армейская еда отражает различия национальных культур. Италия Полевой рацион итальянских военнослужащих — эхо богатства и сытности национальной кухни, пусть и в примитивно-синтетическом варианте: тут и свинина в желе, и равиоли с мясным соусом, и, конечно же, паста. Солдатам не придется отказывать себе в десерте: имеются кофе и сгущенное молоко, крекеры и мармеладки, консервированный фруктовый салат, мюсли в шоколаде. Завершают картину соль, сахар, салфетки, пластиковые приборы и посуда, блистер с мультивитаминами. Россия Гуляш, печеночный и мясной паштеты, говядина с гречкой, мясо с горохом и морковью, консервированное сало — вегетарианцам в рядах российской армии, наверное, невесело. Разве что перекусить галетами, плавленым сыром, джемом и конфетами? Запить можно чаем или кофе, добавив молока по вкусу, а завершить трапезу мультивитаминами и жвачкой. В российской набор также вошли таблетки для очистки воды, антибактериальные и обычные салфетки, пластиковые приборы, спички. США Вегетарианский рататуй с пастой, крекеры, кекс с миндалем и маком, арахисовое масло, а запить все это можно кофе или фруктовым растворимым напитком. Негусто, чего уж там, зато в набор входит туалетная бумага. Великобритания В качестве главного блюда воины Ее Величества получают куриную сардельку с бобами, пасту с тунцом и, как ни странно, паэлью. Приятное дополнение — соус табаско. Чай, кофе, компот или фруктовый напиток можно выпить с лимонным кексом, малиновым джемом, карамельным батончиком мюсли, солеными орешками кешью, конфетой или шоколадной пастой. Предусмотрены также таблетки для обеззараживания воды, бумажные полотенца и влажные салфетки. Литва  Тушенка с перловкой и консервированный куриный бульон, крекеры и орешки, черносмородиновый джем и фруктовый витаминный напиток, а на сладкое — шоколад. Украина На первое у украинских солдат мясной бульон, на второе — консервы (три вида мясных и один вид рыбных, а именно — килька). Закончить прием пищи можно крекерами, джемом, конфетами и чаем (или фруктовым напитком). Еще военных снабжают салфетками (обычными и дезинфицирующими), а также витаминами. Новая Зеландия Цыпленок в сливочном соусе с картофелем, карри из ягненка по-тайски, сыр, хлеб, консервированный суп, луковые чипсы, лапша быстрого приготовления; кетчуп, соль и перец по вкусу… А потом еще арахис с изюмом, сгущенка, конфеты, шоколадное молоко и изотонический напиток, чай и кофе, жвачка. Германия В полевых условиях немцы трапезничают индийским рисом с куриной котлетой, равиоли с грибным соусом и бутербродами с мясным паштетом. К чаю и кофе с молоком — бисквиты, джем и сахар. В сухой паек входят таблетки для очищения воды и влажные салфетки. Израиль  Куриные и говяжьи фрикадельки с рисом, бобы в томатном соусе, тунец в масле — основные блюда. Есть и кое-что для вегетарианцев: фаршированные рисом листья винограда, рис с горохом, кукуруза, оливки, арахис. На сладкое — разнообразные цукаты, халва и шоколадный десерт. Франция Сухой паек главных гурманов Европы не может быть примитивным. В нем имеются: тортеллини с говядиной, восточный салат, паштет из лосося, консервированный суп, молочный десерт, соленые и сладкие галеты, мармелад и шоколад, нуга и мюсли, энергетический батончик, чай, кофе и шоколадный напиток. Швеция Завтракают шведские военные йогуртом с хлопьями. На обед — карри из цыпленка с рисом, а на ужин — фрикадельки с макаронами (или наоборот). На десерт — шоколадный кекс, овсяное печенье или, для презирающих сладкое, — соленые орешки. Запить можно изотоническим напитком со вкусом экзотических фруктов, кофе или шоколадом. Танзания  Солдаты Танзании питаются в походе тушеной курицей, рисом и овсянкой, на сладкое — печенье. Собственно, это и все, зато выбор напитков большой: сок апельсиновый и манго, кофе и чай. Таиланд Все по-азиатски изысканно и просто: рыбный суп, жасминовый рис, говядина с перцем чили и чесноком, сушеные фрукты. Ах да, и пластиковая ложка. «Армейские пайки напоминают нам, что культуры разных народов могут быть похожими, но никогда не станут одинаковыми. Наборы K-Ration показывают, что даже в экстремальных ситуациях люди не забывают о традициях своей страны», — считает автор экспозиции. ",
    "key_words": [
        [
            "Expo 2015",
            "http://lenta.ru/articles/2015/02/12/expo/"
        ]
    ],
    "link": "/articles/2015/02/13/armyfood/"
}