{
    "source": "lenta",
    "authors": [
        {
            "link": "/parts/authors/kramnik/",
            "name": "Илья Крамник"
        }
    ],
    "title1": "Зимняя война и призрак Майдана",
    "title2": "В Донбассе возобновились масштабные боевые действия",
    "date": "20150112",
    "time": "16:59:00+0",
    "links_by_theme": [
        "https://lenta.ru/articles/2014/08/27/civilwar/",
        "https://lenta.ru/articles/2014/08/29/kessel/",
        "https://lenta.ru/articles/2014/11/11/ukraine/"
    ],
    "tags": [
        "ussr",
        "ukraine"
    ],
    "text": "Вооруженные силы Украины (ВСУ) возобновили массированные обстрелы городов Донбасса. Кроме того, сообщается о боях местного значения в некоторых населенных пунктах. Пока непонятно, погаснет новая вспышка в ближайшее время или это пролог новой большой кампании, однако ясно, что сложившаяся политическая обстановка подталкивает Киев к полномасштабной войне. Немирное перемирие Обстановка в Донбассе была неспокойной, несмотря на неоднократные заявления о прекращении огня, перемирии и отводе тяжелого вооружения. Периодические обстрелы и стычки по линии соприкосновения продолжались в течение всей осени, уже после того, как 5 сентября 2014 года в Минске было достигнуто соглашение о прекращении огня. Основные бои в этот период велись близ Донецка — в районе аэропорта, в Дебальцево и в ряде других населенных пунктов. В начале ноября ВСУ попытались атаковать позиции армии ДНР в Ясиноватой, близ Донецка, однако атака, проводившаяся малыми силами, была отбита. Обе стороны использовали перемирие для укрепления своего военного потенциала. Вооруженные силы Украины и другие военизированные формирования нуждались в восстановлении после тяжелых потерь, понесенных в августовских боях. Подразделениям ополчения народных республик требовалось время для переформирования в регулярные вооруженные силы, о создании которых было заявлено в ходе августовских боев. Фоном для перемирия служил ожесточенный политический торг на высоком уровне между Москвой, Киевом, Берлином (взявшим на себя роль лидера ЕС в этом конфликте), Парижем и опосредованно Вашингтоном. Политическое и экономическое давление на Москву, оказываемое уже введенными санкциями, а также угрозами принятия новых, ограничивало возможности российского руководства воздействовать на Киев. Продолжение диалога с Западом ставилось в прямую зависимость от успеха действий, направленных на прекращение конфликта. При этом непосредственно воюющие стороны были куда меньше заинтересованы в перемирии. Если Киев, нуждавшийся в восстановлении военного потенциала, еще мог извлечь определенную выгоду, то для народных республик перемирие, оставившее украинскую артиллерию на позициях, с которых она могла обстреливать крупнейшие города региона, было совершенно неприемлемым. В результате жилые кварталы Донецка и других прифронтовых населенных пунктов превращались в заложников политического процесса, что и было продемонстрировано с возобновлением боевых действий. Те позиции украинской армии и вооруженных формирований, которые ополчение обеих республик Новороссии могло бы, по мнению специалистов, с относительно малыми потерями занять в своем августовском наступлении, к зиме значительно укрепились, и теперь их ликвидация потребует значительно больших сил и времени. Причем артиллерия ВСУ бездействовать не будет, продолжив обстрелы городов. Стандартное оправдание украинской стороны о том, что обстрелу подвергаются исключительно те районы, откуда ведет огонь артиллерия «сепаратистов», не выдерживает критики: от артиллерийских ударов регулярно погибают жители районов, удаленных от ближайших военных позиций на многие километры. Перемирие с самого начала рассматривалось как мертворожденное обеими сторонами. «Сейчас у наших военных уже есть системы контрбатарейной борьбы, контрминометной борьбы, снайперские винтовки, они хорошо натренированы, и эффективность действий украинских военных на порядок выше. Вот так мы используем это перемирие», — провозгласил президент Украины Петр Порошенко в ходе передачи в войска боевой техники 5 января 2015 года. В тот же день характерное заявление было опубликовано в Facebook главой МВД Украины Арсеном Аваковым, где среди прочего сказано следующее: «Не кидайтесь в наступление и не требуйте действий — пока не готовы победить и нет сил для результативного действия. Сделайте себя крепче, мощнее, в том числе — увы и ах — убаюкивая \"собаку\"... Как соберете силу — действуйте не спрашивая!Таков сейчас путь Украины — крепиться, не сдаваться, собирать силу. А настанет момент — с мощью расправляющейся сжатой пружины — снести всю нечисть из страны и побеждать!». Подобным образом высказывались и другие украинские функционеры, так что особых сомнений в последующих событиях не оставалось. Вопрос был только один: когда? Причины наступать, не наступая Рост активности украинской армии в зоне боевых действий именно сейчас обусловлен рядом причин. И в первую очередь — внешнеполитической обстановкой. Позиции сторон в переговорном процессе по урегулированию конфликта не удается сблизить, что грозит срывом запланированной на 15 января встречи в Астане. В этих условиях боевые действия могут быть поданы Киевом своим западным союзникам как реакция на провокации со стороны «сепаратистов» и «российских войск» и послужить основанием для очередного усиления давления на Москву со стороны Запада с целью принудить российское руководство к компромиссу на нужных условиях. Внутриполитическая обстановка также не оставляет особого выбора: держать зимой армию в бездействии на позициях на фоне объявлений о перевооружении и необходимости «снести нечисть» для киевского руководства означает рисковать к весне очередным Майданом, на сей раз куда более радикальным и серьезно вооруженным, с бронетехникой и артиллерией. Третий фактор, побуждающий украинских силовиков к активизации, — события последних недель в народных республиках, где продолжается процесс консолидации военного руководства. Одно из наиболее громких — гибель 1 января 2015 года Александра Беднова (Бэтмена), одного из самых популярных командиров ЛНР. По официальной версии, озвученной Генпрокуратурой ЛНР, он был убит при попытке задержания, в ходе которой оказал вооруженное сопротивление. Ранее против Беднова было выдвинуто обвинение в похищении и пытках. Оппоненты этой версии заявили о том, что задержать Беднова никто не пытался — фактически он и его телохранители были уничтожены сосредоточенным огнем из засады. «Заказчиком» назвали руководителя ЛНР Игоря Плотницкого, а причиной стали разногласия между Бедновым и Плотницким относительно дальнейшего политического курса. Ожесточенный спор, разгоревшийся после этого инцидента и в России, и в народных республиках, мог быть истолкован украинским руководством как признак утраты единства у противника и удобный момент для военного удара. Тем не менее, несмотря на наличие весомых причин для активизации боевых действий, шансы Киева на успех невелики: наступление на юго-востоке Украины в зимних условиях возможно только по дорогам и вдоль них и с учетом оборудованных на трассах оборонительных позиций требует значительного численного превосходства, которым украинские силовики уже не располагают. Наступление в куда более благоприятных летних условиях и при подавляющем численном превосходстве закончилось в итоге катастрофой в августе 2014 года. Громкие церемонии передачи ВС Украины новой техники в присутствии президента Порошенко и других руководителей мало что меняют: на полноценное переоснащение армии Украине необходимы единовременные расходы в размере нескольких миллиардов долларов, трудно достижимые даже при увеличении военного бюджета. В условиях коррупции и вольного обращения с казенными средствами переоснащение армии часто оборачивается передачей в войска старой техники с минимальным косметическим ремонтом, мало пригодной для реальных боевых действий. Решить эту проблему Киев мог бы, приложив дополнительные усилия на протяжении еще нескольких месяцев, однако столько времени у украинского руководства, как уже было сказано выше, нет. В результате активизацию силовиков можно назвать вынужденной — вопрос в том, как далеко она зайдет. Как бы то ни было, мнение Москвы уже прозвучало: Сергей Лавров назвал возможное возобновление боевых действий катастрофой (не уточнив при этом, для кого именно), одновременно подчеркнув, что Москва не собирается обсуждать условия снятия санкций. Мяч ушел на западную половину поля. ",
    "key_words": [
        [
            "провозгласил",
            "http://gordonua.com/news/war/Poroshenko-Za-vremya-peremiriya-udalos-vosstanovit-boesposobnost-armii-59689.html"
        ],
        [
            "было опубликовано",
            "https://www.facebook.com/arsen.avakov.1/posts/762072273882881?fref=nf"
        ],
        [
            " уже не располагают",
            "http://lenta.ru/news/2015/01/12/donbass/"
        ],
        [
            "катастрофой",
            "http://ria.ru/world/20150112/1042194193.html"
        ],
        [
            "подчеркнув",
            "http://ria.ru/politics/20150112/1042189289.html"
        ]
    ],
    "link": "/articles/2015/01/12/ukraine/"
}