{
    "source": "lenta",
    "authors": [],
    "title1": "Цена терпимости",
    "title2": "Реакция западных СМИ на теракт в Париже",
    "date": "20150108",
    "time": "18:28:00+0",
    "links_by_theme": [
        "/news/2015/01/08/france/",
        "/news/2015/01/08/detained/",
        "/news/2015/01/08/caricatures/"
    ],
    "tags": [
        "world",
        "society"
    ],
    "text": "Западные СМИ единодушно осудили теракт в редакции французского сатирического еженедельника Charlie Hebdo, произошедший утром 7 января. В результате нападения погибли 12 человек, в том числе полицейские и сотрудники журнала. Некоторые полагают, что на теракт надо отвечать проявлением терпимости, а другие считают, что с террористами надо активно бороться. Терпимость Ислам поможет Франции Философ Абденнур Бидар в колонке Le Monde заявил, что именно ислам поможет Франции создать цивилизацию, которая соединит в себе все лучшее из традиций Запада и Востока. Бидар обвинил крайне правые политические партии в том, что они рассчитывают воспользоваться терактом для того, чтобы получить дополнительные голоса на выборах. По его словам, только мультикультурализм может этому противостоять. Вместе с тем философ осудил теракт в Париже, назвав его «французским 11 сентября», а тех кто его совершил — «выродками, варварами, порабощенными нечестивым зверем». Терроризм не имеет религии Колумнист The New York Times Николас Кристоф заявил, что религиозная принадлежность террористов не имеет значения. По его мнению, «христианские фанатики», совершавшие геноцид в бывшей Югославии не лучше джихадистов. Кристоф считает, что настоящий раскол существует не между религиями, а между террористами и сторонниками умеренных взглядов. «Не стоит отвечать на нетерпимость террористов собственной нетерпимостью», — заключает журналист. Смех побеждает страх Колумнистка The Guardian Сьюзанн Мур считает, что экстремисты пытаются посеять религиозную вражду в обществе и играют на руку правым партиям в Европе. По ее мнению, лучший способ борьбы с фанатиками, которые хотят вселить страх в людей, — высмеивать их. Борьба Пустые увещевания уже никого не пугают Колумнист Le Figaro Филипп Бильже заявил, что одна из причин произошедшего — слабость государства. По его мнению, пустые увещевания Франции уже никого не пугают, а вооруженные преступники уверены в своей безнаказанности. «Завтра (8 января — прим. «Ленты.ру») президент выступит с публичным заявлением и, держа руку на сердце, будет говорить, что борьба против расизма и антисемитизма должна стать великой национальной задачей», — предположил Бильже. Он считает, что государству следует перестать проявлять слабость и начать твердую борьбу с исламизмом. Перо проиграло мечу Журналист The Telegraph Дэн Ходжиз признался, что из-за теракта в Париже побоялся выкладывать в Twitter карикатуру на пророка Мухаммеда, опубликованную журналом Charlie Hebdo. По словам Ходжиза, в борьбе с террористами помогут не успокоительные редакционные статьи, объясняющие почему «перо сильнее меча», а усиление мер безопасности. Журналист считает, что общество должно пойти на такой шаг, даже если придется поступиться свободой слова. Джихадисты бросили вызов Западу Ответственный редактор The Washington Post Джим Хогланд предположил, что французским политикам в ближайшие месяцы необходимо объединиться, а вопрос безопасности для европейцев обретет такое же значение как для американцев после терактов 11 сентября. Хогланд считает, что теракт в Париже является частью борьбы джихадистских группировок против западного образа жизни. По его мнению, французское правительство должно заручиться поддержкой европейских союзников и постараться не допустить раскола в обществе на почве этого теракта. ",
    "key_words": [
        [
            "заявил",
            "http://www.lemonde.fr/idees/article/2015/01/07/resister-collectivement-a-la-haine_4551015_3232.html"
        ],
        [
            "заявил",
            "http://www.nytimes.com/2015/01/08/opinion/nicholas-kristof-lessons-from-the-charlie-hebdo-shooting-in-paris.html?hp&action=click&pgtype=Homepage&module=c-column-top-span-region&region=c-column-top-span-region&WT.nav=c-column-top-span-region&_r=0"
        ],
        [
            "считает",
            "http://www.theguardian.com/commentisfree/2015/jan/07/charlie-hebdo-killers-must-not-silence-us"
        ],
        [
            "заявил",
            "http://www.lefigaro.fr/vox/societe/2015/01/07/31003-20150107ARTFIG00243-attentat-a-charlie-hebdo-la-republique-doit-cesser-d-etre-faible-face-au-terrorisme-islamique.php"
        ],
        [
            "признался",
            "http://www.telegraph.co.uk/news/worldnews/europe/france/11330649/Want-to-see-what-a-threat-to-our-freedom-looks-like-Turn-on-your-TV.html"
        ],
        [
            "предположил",
            "http://www.washingtonpost.com/opinions/frances-tough-task-in-reacting-to-the-horrific-attack-on-charlie-hebdo/2015/01/07/3c2d666c-96bf-11e4-927a-4fa2638cd1b0_story.html?hpid=z3"
        ]
    ],
    "link": "/articles/2015/01/08/media_paris_attack/"
}